axis,severity,arm,auroc,bal_acc,ece,n_recordings,ci_lo,ci_hi,backbone,probe,seed
bandwidth,100,canonicalized,0.878995,0.803016,0.046238,276,0.835622,0.92093,biot,linear,7
bandwidth,15,canonicalized,0.582804,0.48746,0.438804,276,0.517287,0.648368,biot,linear,7
bandwidth,20,canonicalized,0.56254,0.5,0.541311,276,0.496029,0.633247,biot,linear,7
bandwidth,25,canonicalized,0.75836,0.499365,0.514423,276,0.705816,0.815828,biot,linear,7
bandwidth,30,canonicalized,0.780847,0.606984,0.300089,276,0.722851,0.831336,biot,linear,7
bandwidth,40,canonicalized,0.635185,0.54746,0.322382,276,0.56513,0.702702,biot,linear,7
bandwidth,50,canonicalized,0.634974,0.494762,0.499967,276,0.570889,0.701488,biot,linear,7
bandwidth,64,canonicalized,0.607513,0.506032,0.492147,276,0.537033,0.669798,biot,linear,7
bandwidth,80,canonicalized,0.854656,0.78254,0.061211,276,0.806393,0.895201,biot,linear,7
bandwidth,100,canonicalized,0.890317,0.815397,0.069018,276,0.848253,0.928204,biot,mlp,11
bandwidth,15,canonicalized,0.835767,0.63746,0.294001,276,0.788984,0.877844,biot,mlp,11
bandwidth,20,canonicalized,0.679841,0.5,0.539956,276,0.61841,0.745687,biot,mlp,11
bandwidth,25,canonicalized,0.822698,0.5,0.537393,276,0.76941,0.872021,biot,mlp,11
bandwidth,30,canonicalized,0.83672,0.496032,0.466083,276,0.786134,0.883022,biot,mlp,11
bandwidth,40,canonicalized,0.829947,0.658254,0.256055,276,0.777526,0.877147,biot,mlp,11
bandwidth,50,canonicalized,0.714974,0.502063,0.474194,276,0.652266,0.769218,biot,mlp,11
bandwidth,64,canonicalized,0.704339,0.509365,0.451488,276,0.644708,0.760954,biot,mlp,11
bandwidth,80,canonicalized,0.811746,0.638095,0.343261,276,0.75961,0.857463,biot,mlp,11
bandwidth,100,canonicalized,0.900423,0.82619,0.050622,276,0.861628,0.937149,biot,mlp,13
bandwidth,15,canonicalized,0.801323,0.595556,0.332199,276,0.748642,0.851463,biot,mlp,13
bandwidth,20,canonicalized,0.585291,0.5,0.54323,276,0.518197,0.652497,biot,mlp,13
bandwidth,25,canonicalized,0.802063,0.5,0.541498,276,0.749201,0.852225,biot,mlp,13
bandwidth,30,canonicalized,0.839577,0.542698,0.443182,276,0.78693,0.887148,biot,mlp,13
bandwidth,40,canonicalized,0.79455,0.572063,0.386615,276,0.741095,0.843772,biot,mlp,13
bandwidth,50,canonicalized,0.69582,0.503333,0.530037,276,0.63222,0.751979,biot,mlp,13
bandwidth,64,canonicalized,0.66037,0.5,0.527805,276,0.596185,0.720343,biot,mlp,13
bandwidth,80,canonicalized,0.80672,0.591429,0.39187,276,0.749628,0.852176,biot,mlp,13
bandwidth,100,canonicalized,0.898889,0.817302,0.079417,276,0.857403,0.934287,biot,mlp,7
bandwidth,15,canonicalized,0.806402,0.575397,0.378264,276,0.755758,0.855397,biot,mlp,7
bandwidth,20,canonicalized,0.701905,0.5,0.541837,276,0.640417,0.761411,biot,mlp,7
bandwidth,25,canonicalized,0.836402,0.5,0.539092,276,0.786774,0.881905,biot,mlp,7
bandwidth,30,canonicalized,0.855238,0.496032,0.471416,276,0.807669,0.899052,biot,mlp,7
bandwidth,40,canonicalized,0.814392,0.601587,0.298517,276,0.760254,0.862016,biot,mlp,7
bandwidth,50,canonicalized,0.695661,0.503333,0.504887,276,0.6347,0.751655,biot,mlp,7
bandwidth,64,canonicalized,0.677989,0.506032,0.479277,276,0.614749,0.736311,biot,mlp,7
bandwidth,80,canonicalized,0.801746,0.584762,0.387121,276,0.746813,0.847836,biot,mlp,7
broadband,-5,canonicalized,0.554286,0.5,0.239605,276,0.482422,0.624573,biot,linear,7
broadband,-5,naive,0.554286,0.5,0.239605,276,0.482422,0.624573,biot,linear,7
broadband,0,canonicalized,0.723016,0.5,0.240827,276,0.663386,0.780053,biot,linear,7
broadband,0,naive,0.723016,0.5,0.240827,276,0.663386,0.780053,biot,linear,7
broadband,10,canonicalized,0.825608,0.54,0.238239,276,0.775754,0.871876,biot,linear,7
broadband,10,naive,0.825608,0.54,0.238239,276,0.775754,0.871876,biot,linear,7
broadband,20,canonicalized,0.836402,0.663651,0.173967,276,0.786444,0.882435,biot,linear,7
broadband,20,naive,0.836402,0.663651,0.173967,276,0.786444,0.882435,biot,linear,7
broadband,5,canonicalized,0.76164,0.5,0.239961,276,0.703911,0.813761,biot,linear,7
broadband,5,naive,0.76164,0.5,0.239961,276,0.703911,0.813761,biot,linear,7
calibration,0.5,canonicalized,0.878624,0.795397,0.064986,276,0.836081,0.920602,biot,linear,7
calibration,0.5,naive,0.790053,0.697778,0.196314,276,0.742327,0.843079,biot,linear,7
calibration,0.75,canonicalized,0.878624,0.795397,0.064986,276,0.836081,0.920602,biot,linear,7
calibration,0.75,naive,0.802804,0.727143,0.156299,276,0.754491,0.852877,biot,linear,7
calibration,1,canonicalized,0.878624,0.795397,0.064986,276,0.836081,0.920602,biot,linear,7
calibration,1,naive,0.834444,0.72127,0.132108,276,0.785763,0.881775,biot,linear,7
calibration,1.5,canonicalized,0.878624,0.795397,0.064986,276,0.836081,0.920602,biot,linear,7
calibration,1.5,naive,0.863386,0.729841,0.144653,276,0.818033,0.905615,biot,linear,7
calibration,2,canonicalized,0.878624,0.795397,0.064986,276,0.836081,0.920602,biot,linear,7
calibration,2,naive,0.84455,0.652222,0.256937,276,0.795765,0.891274,biot,linear,7
montage,bipolar18,canonicalized,0.857249,0.747302,0.11434,276,0.812537,0.901384,biot,linear,7
montage,bipolar18,naive,0.85963,0.751905,0.113794,276,0.814331,0.903127,biot,linear,7
montage,full19,canonicalized,0.878624,0.795397,0.064986,276,0.836081,0.920602,biot,linear,7
montage,full19,naive,0.878624,0.795397,0.064986,276,0.836081,0.920602,biot,linear,7
montage,legacy16,canonicalized,0.820635,0.655556,0.254896,276,0.773526,0.872238,biot,linear,7
montage,legacy16,naive,0.819206,0.65619,0.259882,276,0.773153,0.869048,biot,linear,7
power_line,0,canonicalized,0.878624,0.795397,0.064986,276,0.836081,0.920602,biot,linear,7
power_line,0,naive,0.767513,0.523333,0.476538,276,0.709258,0.822971,biot,linear,7
power_line,15,canonicalized,0.87873,0.795397,0.065592,276,0.836651,0.920642,biot,linear,7
power_line,15,naive,0.644868,0.5,0.543478,276,0.582049,0.711604,biot,linear,7
power_line,30,canonicalized,0.879048,0.799365,0.065938,276,0.836295,0.921114,biot,linear,7
power_line,30,naive,0.656825,0.5,0.543478,276,0.595714,0.72203,biot,linear,7
power_line,5,canonicalized,0.878624,0.795397,0.065188,276,0.836181,0.920862,biot,linear,7
power_line,5,naive,0.645185,0.5,0.543406,276,0.583315,0.710694,biot,linear,7
power_line,60,canonicalized,0.87836,0.802698,0.066104,276,0.835921,0.920851,biot,linear,7
power_line,60,naive,0.648466,0.5,0.543478,276,0.590157,0.718067,biot,linear,7
sampling_rate,128,canonicalized,0.594921,0.499365,0.504308,276,0.521795,0.656787,biot,linear,7
sampling_rate,128,naive,0.673704,0.59381,0.193111,276,0.607671,0.733176,biot,linear,7
sampling_rate,200,canonicalized,0.876614,0.813492,0.058321,276,0.832999,0.917575,biot,linear,7
sampling_rate,200,naive,0.57672,0.601746,0.286825,276,0.505015,0.645198,biot,linear,7
sampling_rate,250,canonicalized,0.878624,0.795397,0.064986,276,0.836081,0.920602,biot,linear,7
sampling_rate,250,naive,0.878624,0.795397,0.064986,276,0.836081,0.920602,biot,linear,7
sampling_rate,256,canonicalized,0.878148,0.792063,0.06607,276,0.835554,0.920017,biot,linear,7
sampling_rate,256,naive,0.86873,0.767143,0.138197,276,0.823591,0.911755,biot,linear,7
sampling_rate,512,canonicalized,0.878571,0.795397,0.066562,276,0.83587,0.920701,biot,linear,7
sampling_rate,512,naive,0.549312,0.504127,0.500512,276,0.473384,0.618426,biot,linear,7
broadband,-5,canonicalized,0.701058,0.5,0.34681,276,0.641212,0.760589,biot,mlp,11
broadband,-5,naive,0.701058,0.5,0.34681,276,0.641212,0.760589,biot,mlp,11
broadband,0,canonicalized,0.788307,0.5,0.350465,276,0.73288,0.836578,biot,mlp,11
broadband,0,naive,0.788307,0.5,0.350465,276,0.73288,0.836578,biot,mlp,11
broadband,10,canonicalized,0.83455,0.563333,0.297893,276,0.786022,0.880639,biot,mlp,11
broadband,10,naive,0.83455,0.563333,0.297893,276,0.786022,0.880639,biot,mlp,11
broadband,20,canonicalized,0.836138,0.681746,0.166673,276,0.785444,0.88032,biot,mlp,11
broadband,20,naive,0.836138,0.681746,0.166673,276,0.785444,0.88032,biot,mlp,11
broadband,5,canonicalized,0.807937,0.516667,0.330495,276,0.75962,0.856033,biot,mlp,11
broadband,5,naive,0.807937,0.516667,0.330495,276,0.75962,0.856033,biot,mlp,11
calibration,0.5,canonicalized,0.89164,0.824762,0.061524,276,0.84989,0.929525,biot,mlp,11
calibration,0.5,naive,0.834286,0.610159,0.304866,276,0.784815,0.87897,biot,mlp,11
calibration,0.75,canonicalized,0.89164,0.824762,0.061524,276,0.84989,0.929525,biot,mlp,11
calibration,0.75,naive,0.842381,0.715079,0.180869,276,0.793854,0.887091,biot,mlp,11
calibration,1,canonicalized,0.89164,0.824762,0.061524,276,0.84989,0.929525,biot,mlp,11
calibration,1,naive,0.86037,0.767302,0.113114,276,0.814069,0.903759,biot,mlp,11
calibration,1.5,canonicalized,0.89164,0.824762,0.061524,276,0.84989,0.929525,biot,mlp,11
calibration,1.5,naive,0.873122,0.765397,0.083922,276,0.830101,0.913984,biot,mlp,11
calibration,2,canonicalized,0.89164,0.824762,0.061524,276,0.84989,0.929525,biot,mlp,11
calibration,2,naive,0.86328,0.759048,0.147557,276,0.819187,0.905091,biot,mlp,11
montage,bipolar18,canonicalized,0.870265,0.778254,0.068209,276,0.828922,0.912496,biot,mlp,11
montage,bipolar18,naive,0.87,0.774286,0.063355,276,0.827978,0.913123,biot,mlp,11
montage,full19,canonicalized,0.89164,0.824762,0.061524,276,0.84989,0.929525,biot,mlp,11
montage,full19,naive,0.89164,0.824762,0.061524,276,0.84989,0.929525,biot,mlp,11
montage,legacy16,canonicalized,0.882698,0.616032,0.309511,276,0.84391,0.922704,biot,mlp,11
montage,legacy16,naive,0.888836,0.606032,0.311822,276,0.850364,0.926623,biot,mlp,11
power_line,0,canonicalized,0.89164,0.824762,0.061524,276,0.84989,0.929525,biot,mlp,11
power_line,0,naive,0.862698,0.710317,0.209269,276,0.816981,0.906615,biot,mlp,11
power_line,15,canonicalized,0.891534,0.824762,0.061708,276,0.849836,0.929421,biot,mlp,11
power_line,15,naive,0.631852,0.5,0.543289,276,0.567989,0.700598,biot,mlp,11
power_line,30,canonicalized,0.891587,0.824762,0.061876,276,0.849733,0.929525,biot,mlp,11
power_line,30,naive,0.645079,0.5,0.543431,276,0.581778,0.715097,biot,mlp,11
power_line,5,canonicalized,0.891534,0.824762,0.061601,276,0.849888,0.929315,biot,mlp,11
power_line,5,naive,0.665132,0.5,0.540129,276,0.602169,0.731114,biot,mlp,11
power_line,60,canonicalized,0.891323,0.824762,0.062368,276,0.849786,0.929216,biot,mlp,11
power_line,60,naive,0.625979,0.5,0.543461,276,0.560041,0.699909,biot,mlp,11
sampling_rate,128,canonicalized,0.691905,0.502698,0.462809,276,0.63063,0.750954,biot,mlp,11
sampling_rate,128,naive,0.552857,0.527937,0.332246,276,0.486095,0.617462,biot,mlp,11
sampling_rate,200,canonicalized,0.887619,0.803968,0.084398,276,0.84507,0.926353,biot,mlp,11
sampling_rate,200,naive,0.849735,0.769524,0.083056,276,0.800471,0.894343,biot,mlp,11
sampling_rate,250,canonicalized,0.89164,0.824762,0.061524,276,0.84989,0.929525,biot,mlp,11
sampling_rate,250,naive,0.89164,0.824762,0.061524,276,0.84989,0.929525,biot,mlp,11
sampling_rate,256,canonicalized,0.891587,0.820794,0.057894,276,0.849946,0.929577,biot,mlp,11
sampling_rate,256,naive,0.893069,0.819206,0.102582,276,0.84941,0.93102,biot,mlp,11
sampling_rate,512,canonicalized,0.89164,0.824762,0.061298,276,0.849946,0.929577,biot,mlp,11
sampling_rate,512,naive,0.401481,0.5,0.536574,276,0.334071,0.461481,biot,mlp,11
broadband,-5,canonicalized,0.670423,0.526667,0.158254,276,0.604496,0.731119,biot,mlp,13
broadband,-5,naive,0.670423,0.526667,0.158254,276,0.604496,0.731119,biot,mlp,13
broadband,0,canonicalized,0.798254,0.586032,0.192354,276,0.744757,0.845933,biot,mlp,13
broadband,0,naive,0.798254,0.586032,0.192354,276,0.744757,0.845933,biot,mlp,13
broadband,10,canonicalized,0.858995,0.733333,0.149702,276,0.813118,0.900546,biot,mlp,13
broadband,10,naive,0.858995,0.733333,0.149702,276,0.813118,0.900546,biot,mlp,13
broadband,20,canonicalized,0.862646,0.792381,0.069755,276,0.818649,0.901537,biot,mlp,13
broadband,20,naive,0.862646,0.792381,0.069755,276,0.818649,0.901537,biot,mlp,13
broadband,5,canonicalized,0.823439,0.676984,0.16441,276,0.775746,0.867676,biot,mlp,13
broadband,5,naive,0.823439,0.676984,0.16441,276,0.775746,0.867676,biot,mlp,13
calibration,0.5,canonicalized,0.901323,0.822857,0.056995,276,0.860787,0.93789,biot,mlp,13
calibration,0.5,naive,0.837831,0.651587,0.312046,276,0.791187,0.88461,biot,mlp,13
calibration,0.75,canonicalized,0.901323,0.822857,0.056995,276,0.860787,0.93789,biot,mlp,13
calibration,0.75,naive,0.844074,0.714444,0.184802,276,0.796824,0.886306,biot,mlp,13
calibration,1,canonicalized,0.901323,0.822857,0.056995,276,0.860787,0.93789,biot,mlp,13
calibration,1,naive,0.859206,0.751429,0.119299,276,0.812041,0.902763,biot,mlp,13
calibration,1.5,canonicalized,0.901323,0.822857,0.056995,276,0.860787,0.93789,biot,mlp,13
calibration,1.5,naive,0.881058,0.799365,0.075693,276,0.839517,0.920644,biot,mlp,13
calibration,2,canonicalized,0.901323,0.822857,0.056995,276,0.860787,0.93789,biot,mlp,13
calibration,2,naive,0.857619,0.765714,0.164883,276,0.813845,0.899976,biot,mlp,13
montage,bipolar18,canonicalized,0.886614,0.789206,0.067571,276,0.847128,0.925835,biot,mlp,13
montage,bipolar18,naive,0.886032,0.800476,0.048883,276,0.846655,0.925507,biot,mlp,13
montage,full19,canonicalized,0.901323,0.822857,0.056995,276,0.860787,0.93789,biot,mlp,13
montage,full19,naive,0.901323,0.822857,0.056995,276,0.860787,0.93789,biot,mlp,13
montage,legacy16,canonicalized,0.850582,0.592063,0.379893,276,0.805235,0.894922,biot,mlp,13
montage,legacy16,naive,0.85619,0.582063,0.385705,276,0.811499,0.898468,biot,mlp,13
power_line,0,canonicalized,0.901323,0.822857,0.056995,276,0.860787,0.93789,biot,mlp,13
power_line,0,naive,0.869101,0.730317,0.201773,276,0.823754,0.912288,biot,mlp,13
power_line,15,canonicalized,0.901376,0.822857,0.05707,276,0.860741,0.93821,biot,mlp,13
power_line,15,naive,0.633069,0.5,0.543458,276,0.568934,0.701483,biot,mlp,13
power_line,30,canonicalized,0.90127,0.822857,0.057157,276,0.860634,0.938258,biot,mlp,13
power_line,30,naive,0.63963,0.5,0.543476,276,0.577243,0.710011,biot,mlp,13
power_line,5,canonicalized,0.901376,0.822857,0.057042,276,0.860845,0.937901,biot,mlp,13
power_line,5,naive,0.661852,0.5,0.542102,276,0.597985,0.728151,biot,mlp,13
power_line,60,canonicalized,0.900741,0.819524,0.057331,276,0.860209,0.937888,biot,mlp,13
power_line,60,naive,0.626296,0.5,0.543478,276,0.56137,0.701914,biot,mlp,13
sampling_rate,128,canonicalized,0.64455,0.5,0.532313,276,0.579889,0.706493,biot,mlp,13
sampling_rate,128,naive,0.610265,0.597143,0.324092,276,0.546485,0.675981,biot,mlp,13
sampling_rate,200,canonicalized,0.898783,0.811429,0.076191,276,0.859033,0.935403,biot,mlp,13
sampling_rate,200,naive,0.832646,0.76746,0.099646,276,0.783332,0.882569,biot,mlp,13
sampling_rate,250,canonicalized,0.901323,0.822857,0.056995,276,0.860787,0.93789,biot,mlp,13
sampling_rate,250,naive,0.901323,0.822857,0.056995,276,0.860787,0.93789,biot,mlp,13
sampling_rate,256,canonicalized,0.90127,0.822857,0.056784,276,0.860472,0.937788,biot,mlp,13
sampling_rate,256,naive,0.900212,0.839365,0.086699,276,0.860316,0.936669,biot,mlp,13
sampling_rate,512,canonicalized,0.901164,0.822857,0.056898,276,0.860528,0.937684,biot,mlp,13
sampling_rate,512,naive,0.402646,0.5,0.542579,276,0.334704,0.464525,biot,mlp,13
broadband,-5,canonicalized,0.663386,0.5,0.335048,276,0.598712,0.72505,biot,mlp,7
broadband,-5,naive,0.663386,0.5,0.335048,276,0.598712,0.72505,biot,mlp,7
broadband,0,canonicalized,0.768254,0.5,0.32573,276,0.711956,0.817795,biot,mlp,7
broadband,0,naive,0.768254,0.5,0.32573,276,0.711956,0.817795,biot,mlp,7
broadband,10,canonicalized,0.833175,0.563333,0.289261,276,0.782952,0.877993,biot,mlp,7
broadband,10,naive,0.833175,0.563333,0.289261,276,0.782952,0.877993,biot,mlp,7
broadband,20,canonicalized,0.842646,0.676349,0.163547,276,0.793173,0.885508,biot,mlp,7
broadband,20,naive,0.842646,0.676349,0.163547,276,0.793173,0.885508,biot,mlp,7
broadband,5,canonicalized,0.797354,0.52,0.305282,276,0.74623,0.847041,biot,mlp,7
broadband,5,naive,0.797354,0.52,0.305282,276,0.74623,0.847041,biot,mlp,7
calibration,0.5,canonicalized,0.90127,0.833968,0.06776,276,0.860517,0.936779,biot,mlp,7
calibration,0.5,naive,0.836772,0.591429,0.333427,276,0.789937,0.883074,biot,mlp,7
calibration,0.75,canonicalized,0.90127,0.833968,0.06776,276,0.860517,0.936779,biot,mlp,7
calibration,0.75,naive,0.848942,0.695714,0.201418,276,0.801988,0.891323,biot,mlp,7
calibration,1,canonicalized,0.90127,0.833968,0.06776,276,0.860517,0.936779,biot,mlp,7
calibration,1,naive,0.865608,0.76254,0.122802,276,0.820774,0.908635,biot,mlp,7
calibration,1.5,canonicalized,0.90127,0.833968,0.06776,276,0.860517,0.936779,biot,mlp,7
calibration,1.5,naive,0.869788,0.760635,0.114979,276,0.825751,0.910854,biot,mlp,7
calibration,2,canonicalized,0.90127,0.833968,0.06776,276,0.860517,0.936779,biot,mlp,7
calibration,2,naive,0.850847,0.721587,0.207051,276,0.804921,0.893086,biot,mlp,7
montage,bipolar18,canonicalized,0.880053,0.816667,0.084177,276,0.839946,0.919157,biot,mlp,7
montage,bipolar18,naive,0.87836,0.813333,0.087012,276,0.837344,0.918787,biot,mlp,7
montage,full19,canonicalized,0.90127,0.833968,0.06776,276,0.860517,0.936779,biot,mlp,7
montage,full19,naive,0.90127,0.833968,0.06776,276,0.860517,0.936779,biot,mlp,7
montage,legacy16,canonicalized,0.866561,0.542698,0.380645,276,0.823589,0.909493,biot,mlp,7
montage,legacy16,naive,0.873598,0.542698,0.385535,276,0.82962,0.913869,biot,mlp,7
power_line,0,canonicalized,0.90127,0.833968,0.06776,276,0.860517,0.936779,biot,mlp,7
power_line,0,naive,0.853122,0.676825,0.275663,276,0.803173,0.898266,biot,mlp,7
power_line,15,canonicalized,0.901323,0.833968,0.065715,276,0.860316,0.936725,biot,mlp,7
power_line,15,naive,0.633016,0.5,0.543468,276,0.570476,0.701189,biot,mlp,7
power_line,30,canonicalized,0.90127,0.833968,0.067886,276,0.860316,0.936724,biot,mlp,7
power_line,30,naive,0.645767,0.5,0.543476,276,0.579515,0.716142,biot,mlp,7
power_line,5,canonicalized,0.901217,0.833968,0.065633,276,0.860464,0.936573,biot,mlp,7
power_line,5,naive,0.656032,0.5,0.543002,276,0.592646,0.72355,biot,mlp,7
power_line,60,canonicalized,0.900952,0.833968,0.070578,276,0.860316,0.936402,biot,mlp,7
power_line,60,naive,0.628201,0.5,0.543478,276,0.562222,0.703448,biot,mlp,7
sampling_rate,128,canonicalized,0.666085,0.499365,0.487932,276,0.602906,0.726001,biot,mlp,7
sampling_rate,128,naive,0.560582,0.554603,0.314754,276,0.493056,0.624821,biot,mlp,7
sampling_rate,200,canonicalized,0.893757,0.805873,0.114976,276,0.851373,0.93,biot,mlp,7
sampling_rate,200,naive,0.853862,0.791905,0.075985,276,0.806136,0.898418,biot,mlp,7
sampling_rate,250,canonicalized,0.90127,0.833968,0.06776,276,0.860517,0.936779,biot,mlp,7
sampling_rate,250,naive,0.90127,0.833968,0.06776,276,0.860517,0.936779,biot,mlp,7
sampling_rate,256,canonicalized,0.900952,0.833968,0.064829,276,0.859947,0.936667,biot,mlp,7
sampling_rate,256,naive,0.895503,0.819841,0.132904,276,0.851056,0.932915,biot,mlp,7
sampling_rate,512,canonicalized,0.901217,0.833968,0.065328,276,0.860414,0.936779,biot,mlp,7
sampling_rate,512,naive,0.405926,0.5,0.539998,276,0.335542,0.465566,biot,mlp,7
bandwidth,100,canonicalized,0.886243,0.822381,0.07352,276,0.844331,0.92355,eegpt,linear,7
bandwidth,15,canonicalized,0.876402,0.775397,0.145956,276,0.831983,0.916369,eegpt,linear,7
bandwidth,20,canonicalized,0.891164,0.833968,0.110344,276,0.850524,0.928254,eegpt,linear,7
bandwidth,25,canonicalized,0.89418,0.818254,0.076993,276,0.853078,0.932067,eegpt,linear,7
bandwidth,30,canonicalized,0.895344,0.810317,0.088663,276,0.854016,0.932284,eegpt,linear,7
bandwidth,40,canonicalized,0.89619,0.826984,0.062107,276,0.85523,0.93161,eegpt,linear,7
bandwidth,50,canonicalized,0.895026,0.826349,0.054672,276,0.854276,0.931272,eegpt,linear,7
bandwidth,64,canonicalized,0.891376,0.833651,0.068651,276,0.849983,0.927623,eegpt,linear,7
bandwidth,80,canonicalized,0.889577,0.819048,0.065642,276,0.848536,0.925725,eegpt,linear,7
bandwidth,100,canonicalized,0.894127,0.806984,0.06872,276,0.854276,0.928947,eegpt,mlp,11
bandwidth,15,canonicalized,0.899471,0.734921,0.225844,276,0.860258,0.931959,eegpt,mlp,11
bandwidth,20,canonicalized,0.895873,0.791905,0.119693,276,0.857718,0.929689,eegpt,mlp,11
bandwidth,25,canonicalized,0.896455,0.824762,0.077302,276,0.858501,0.930214,eegpt,mlp,11
bandwidth,30,canonicalized,0.898783,0.815556,0.041972,276,0.860783,0.932332,eegpt,mlp,11
bandwidth,40,canonicalized,0.899683,0.820952,0.052624,276,0.862104,0.932594,eegpt,mlp,11
bandwidth,50,canonicalized,0.90037,0.816349,0.052627,276,0.862632,0.93344,eegpt,mlp,11
bandwidth,64,canonicalized,0.893122,0.802222,0.065734,276,0.85206,0.92806,eegpt,mlp,11
bandwidth,80,canonicalized,0.892381,0.792222,0.065796,276,0.851848,0.927411,eegpt,mlp,11
bandwidth,100,canonicalized,0.902434,0.832698,0.060263,276,0.864492,0.93678,eegpt,mlp,13
bandwidth,15,canonicalized,0.900265,0.628095,0.328961,276,0.861054,0.934393,eegpt,mlp,13
bandwidth,20,canonicalized,0.901534,0.812381,0.144438,276,0.862903,0.934709,eegpt,mlp,13
bandwidth,25,canonicalized,0.904286,0.819365,0.06748,276,0.867136,0.936774,eegpt,mlp,13
bandwidth,30,canonicalized,0.904921,0.824762,0.04879,276,0.867353,0.937515,eegpt,mlp,13
bandwidth,40,canonicalized,0.905132,0.830794,0.042201,276,0.867831,0.937254,eegpt,mlp,13
bandwidth,50,canonicalized,0.905767,0.830794,0.043439,276,0.868611,0.936993,eegpt,mlp,13
bandwidth,64,canonicalized,0.902857,0.82873,0.065023,276,0.864488,0.935452,eegpt,mlp,13
bandwidth,80,canonicalized,0.902434,0.832698,0.069207,276,0.864284,0.935663,eegpt,mlp,13
bandwidth,100,canonicalized,0.903492,0.815714,0.122972,276,0.8675,0.935243,eegpt,mlp,7
bandwidth,15,canonicalized,0.901164,0.59873,0.377991,276,0.86232,0.934454,eegpt,mlp,7
bandwidth,20,canonicalized,0.90037,0.724921,0.226314,276,0.861419,0.933337,eegpt,mlp,7
bandwidth,25,canonicalized,0.901799,0.786349,0.150893,276,0.863492,0.934663,eegpt,mlp,7
bandwidth,30,canonicalized,0.901905,0.801111,0.130286,276,0.864333,0.934603,eegpt,mlp,7
bandwidth,40,canonicalized,0.901905,0.807778,0.124839,276,0.864701,0.934396,eegpt,mlp,7
bandwidth,50,canonicalized,0.901481,0.804444,0.124376,276,0.864278,0.934132,eegpt,mlp,7
bandwidth,64,canonicalized,0.902328,0.785714,0.147722,276,0.864761,0.934927,eegpt,mlp,7
bandwidth,80,canonicalized,0.902116,0.783016,0.152184,276,0.865708,0.934659,eegpt,mlp,7
broadband,-5,canonicalized,0.71037,0.519048,0.137532,276,0.646776,0.770589,eegpt,linear,7
broadband,-5,naive,0.71037,0.519048,0.137532,276,0.646776,0.770589,eegpt,linear,7
broadband,0,canonicalized,0.790159,0.627619,0.112921,276,0.735147,0.8418,eegpt,linear,7
broadband,0,naive,0.790159,0.627619,0.112921,276,0.735147,0.8418,eegpt,linear,7
broadband,10,canonicalized,0.878466,0.761111,0.105312,276,0.837987,0.917144,eegpt,linear,7
broadband,10,naive,0.878466,0.761111,0.105312,276,0.837987,0.917144,eegpt,linear,7
broadband,20,canonicalized,0.903386,0.81127,0.087101,276,0.864362,0.935081,eegpt,linear,7
broadband,20,naive,0.903386,0.81127,0.087101,276,0.864362,0.935081,eegpt,linear,7
broadband,5,canonicalized,0.845132,0.704286,0.096597,276,0.802061,0.886512,eegpt,linear,7
broadband,5,naive,0.845132,0.704286,0.096597,276,0.802061,0.886512,eegpt,linear,7
calibration,0.5,canonicalized,0.887619,0.81381,0.053498,276,0.844284,0.924926,eegpt,linear,7
calibration,0.5,naive,0.801905,0.720635,0.14383,276,0.751821,0.851073,eegpt,linear,7
calibration,0.75,canonicalized,0.887619,0.81381,0.059295,276,0.844284,0.924926,eegpt,linear,7
calibration,0.75,naive,0.834656,0.768254,0.076451,276,0.785713,0.880111,eegpt,linear,7
calibration,1,canonicalized,0.887619,0.81381,0.053498,276,0.844284,0.924926,eegpt,linear,7
calibration,1,naive,0.85254,0.780476,0.071175,276,0.806021,0.896721,eegpt,linear,7
calibration,1.5,canonicalized,0.887619,0.81381,0.059295,276,0.844284,0.924926,eegpt,linear,7
calibration,1.5,naive,0.843016,0.789683,0.074458,276,0.794753,0.889208,eegpt,linear,7
calibration,2,canonicalized,0.887619,0.81381,0.053498,276,0.844284,0.924926,eegpt,linear,7
calibration,2,naive,0.80963,0.723492,0.125691,276,0.759922,0.85916,eegpt,linear,7
montage,bipolar18,canonicalized,0.860741,0.755873,0.141434,276,0.814321,0.904393,eegpt,linear,7
montage,bipolar18,naive,0.860476,0.755238,0.136047,276,0.811255,0.905451,eegpt,linear,7
montage,full19,canonicalized,0.887619,0.81381,0.053498,276,0.844284,0.924926,eegpt,linear,7
montage,full19,naive,0.887619,0.81381,0.053498,276,0.844284,0.924926,eegpt,linear,7
montage,legacy16,canonicalized,0.879841,0.735714,0.171026,276,0.837829,0.91831,eegpt,linear,7
montage,legacy16,naive,0.891587,0.717619,0.198193,276,0.853638,0.927997,eegpt,linear,7
power_line,0,canonicalized,0.887619,0.81381,0.053498,276,0.844284,0.924926,eegpt,linear,7
power_line,0,naive,0.782593,0.758413,0.10988,276,0.723161,0.839209,eegpt,linear,7
power_line,15,canonicalized,0.887513,0.81381,0.058281,276,0.844336,0.924341,eegpt,linear,7
power_line,15,naive,0.770423,0.5,0.451091,276,0.711851,0.82641,eegpt,linear,7
power_line,30,canonicalized,0.887302,0.81381,0.056608,276,0.843914,0.924499,eegpt,linear,7
power_line,30,naive,0.652063,0.5,0.449577,276,0.587246,0.713811,eegpt,linear,7
power_line,5,canonicalized,0.888201,0.81381,0.059415,276,0.84497,0.924888,eegpt,linear,7
power_line,5,naive,0.784339,0.531746,0.410361,276,0.727448,0.837261,eegpt,linear,7
power_line,60,canonicalized,0.887196,0.81381,0.066691,276,0.844111,0.924198,eegpt,linear,7
power_line,60,naive,0.577037,0.511905,0.428322,276,0.507242,0.646097,eegpt,linear,7
sampling_rate,128,canonicalized,0.891534,0.826349,0.066872,276,0.850152,0.928738,eegpt,linear,7
sampling_rate,128,naive,0.765714,0.70254,0.114163,276,0.703328,0.825258,eegpt,linear,7
sampling_rate,200,canonicalized,0.884603,0.810476,0.056865,276,0.842058,0.921333,eegpt,linear,7
sampling_rate,200,naive,0.861852,0.782222,0.07494,276,0.812063,0.905086,eegpt,linear,7
sampling_rate,250,canonicalized,0.887619,0.81381,0.053498,276,0.844284,0.924926,eegpt,linear,7
sampling_rate,250,naive,0.887619,0.81381,0.053498,276,0.844284,0.924926,eegpt,linear,7
sampling_rate,256,canonicalized,0.887249,0.81381,0.051819,276,0.842798,0.924607,eegpt,linear,7
sampling_rate,256,naive,0.799101,0.755556,0.08334,276,0.743003,0.853462,eegpt,linear,7
sampling_rate,512,canonicalized,0.886296,0.81381,0.041023,276,0.842157,0.923918,eegpt,linear,7
sampling_rate,512,naive,0.687249,0.540476,0.300935,276,0.625057,0.747888,eegpt,linear,7
broadband,-5,canonicalized,0.762063,0.503333,0.451707,276,0.705016,0.817729,eegpt,mlp,11
broadband,-5,naive,0.762063,0.503333,0.451707,276,0.705016,0.817729,eegpt,mlp,11
broadband,0,canonicalized,0.787725,0.532698,0.401143,276,0.736392,0.840532,eegpt,mlp,11
broadband,0,naive,0.787725,0.532698,0.401143,276,0.736392,0.840532,eegpt,mlp,11
broadband,10,canonicalized,0.840847,0.671746,0.220646,276,0.789935,0.884709,eegpt,mlp,11
broadband,10,naive,0.840847,0.671746,0.220646,276,0.789935,0.884709,eegpt,mlp,11
broadband,20,canonicalized,0.875079,0.754921,0.108764,276,0.833015,0.911495,eegpt,mlp,11
broadband,20,naive,0.875079,0.754921,0.108764,276,0.833015,0.911495,eegpt,mlp,11
broadband,5,canonicalized,0.825291,0.610794,0.309745,276,0.775971,0.873271,eegpt,mlp,11
broadband,5,naive,0.825291,0.610794,0.309745,276,0.775971,0.873271,eegpt,mlp,11
calibration,0.5,canonicalized,0.895026,0.806984,0.068529,276,0.855918,0.929153,eegpt,mlp,11
calibration,0.5,naive,0.826772,0.671587,0.287547,276,0.775074,0.872872,eegpt,mlp,11
calibration,0.75,canonicalized,0.895026,0.806984,0.068529,276,0.855918,0.929153,eegpt,mlp,11
calibration,0.75,naive,0.863439,0.750635,0.164971,276,0.817987,0.903705,eegpt,mlp,11
calibration,1,canonicalized,0.895026,0.806984,0.068529,276,0.855918,0.929153,eegpt,mlp,11
calibration,1,naive,0.875714,0.746984,0.125917,276,0.833743,0.913762,eegpt,mlp,11
calibration,1.5,canonicalized,0.895026,0.806984,0.068529,276,0.855918,0.929153,eegpt,mlp,11
calibration,1.5,naive,0.870952,0.77127,0.118966,276,0.827603,0.91045,eegpt,mlp,11
calibration,2,canonicalized,0.895026,0.806984,0.068529,276,0.855918,0.929153,eegpt,mlp,11
calibration,2,naive,0.868254,0.735714,0.209191,276,0.821987,0.909374,eegpt,mlp,11
montage,bipolar18,canonicalized,0.875661,0.703651,0.242456,276,0.832529,0.918426,eegpt,mlp,11
montage,bipolar18,naive,0.873968,0.710952,0.251403,276,0.830208,0.917361,eegpt,mlp,11
montage,full19,canonicalized,0.895026,0.806984,0.068529,276,0.855918,0.929153,eegpt,mlp,11
montage,full19,naive,0.895026,0.806984,0.068529,276,0.855918,0.929153,eegpt,mlp,11
montage,legacy16,canonicalized,0.887302,0.783333,0.103998,276,0.846345,0.925931,eegpt,mlp,11
montage,legacy16,naive,0.89291,0.774603,0.139665,276,0.855288,0.927948,eegpt,mlp,11
power_line,0,canonicalized,0.895026,0.806984,0.068529,276,0.855918,0.929153,eegpt,mlp,11
power_line,0,naive,0.880582,0.754127,0.135433,276,0.838032,0.919259,eegpt,mlp,11
power_line,15,canonicalized,0.895344,0.806984,0.068768,276,0.856448,0.929378,eegpt,mlp,11
power_line,15,naive,0.818095,0.5,0.539656,276,0.768458,0.864181,eegpt,mlp,11
power_line,30,canonicalized,0.894921,0.806984,0.068414,276,0.855556,0.92889,eegpt,mlp,11
power_line,30,naive,0.669577,0.5,0.543209,276,0.603003,0.730583,eegpt,mlp,11
power_line,5,canonicalized,0.895238,0.806984,0.06871,276,0.856344,0.929378,eegpt,mlp,11
power_line,5,naive,0.878836,0.572698,0.442037,276,0.837019,0.916881,eegpt,mlp,11
power_line,60,canonicalized,0.894974,0.806984,0.068688,276,0.856029,0.929119,eegpt,mlp,11
power_line,60,naive,0.584497,0.5,0.54345,276,0.514847,0.651493,eegpt,mlp,11
sampling_rate,128,canonicalized,0.893386,0.798254,0.072321,276,0.852434,0.928172,eegpt,mlp,11
sampling_rate,128,naive,0.722698,0.604921,0.253097,276,0.652374,0.785635,eegpt,mlp,11
sampling_rate,200,canonicalized,0.894233,0.803651,0.06926,276,0.854603,0.929317,eegpt,mlp,11
sampling_rate,200,naive,0.86746,0.772698,0.138351,276,0.823594,0.908635,eegpt,mlp,11
sampling_rate,250,canonicalized,0.895026,0.806984,0.068529,276,0.855918,0.929153,eegpt,mlp,11
sampling_rate,250,naive,0.895026,0.806984,0.068529,276,0.855918,0.929153,eegpt,mlp,11
sampling_rate,256,canonicalized,0.894815,0.806984,0.068463,276,0.85545,0.929153,eegpt,mlp,11
sampling_rate,256,naive,0.891323,0.77746,0.104779,276,0.851374,0.925594,eegpt,mlp,11
sampling_rate,512,canonicalized,0.895026,0.806984,0.068258,276,0.855869,0.929209,eegpt,mlp,11
sampling_rate,512,naive,0.697249,0.549524,0.406824,276,0.637405,0.756836,eegpt,mlp,11
broadband,-5,canonicalized,0.701058,0.503333,0.276497,276,0.641931,0.764344,eegpt,mlp,13
broadband,-5,naive,0.701058,0.503333,0.276497,276,0.641931,0.764344,eegpt,mlp,13
broadband,0,canonicalized,0.770212,0.53873,0.262271,276,0.71739,0.825399,eegpt,mlp,13
broadband,0,naive,0.770212,0.53873,0.262271,276,0.71739,0.825399,eegpt,mlp,13
broadband,10,canonicalized,0.865238,0.712381,0.142675,276,0.821731,0.905218,eegpt,mlp,13
broadband,10,naive,0.865238,0.712381,0.142675,276,0.821731,0.905218,eegpt,mlp,13
broadband,20,canonicalized,0.896296,0.796032,0.081415,276,0.857872,0.929269,eegpt,mlp,13
broadband,20,naive,0.896296,0.796032,0.081415,276,0.857872,0.929269,eegpt,mlp,13
broadband,5,canonicalized,0.837884,0.64746,0.211835,276,0.790582,0.883093,eegpt,mlp,13
broadband,5,naive,0.837884,0.64746,0.211835,276,0.790582,0.883093,eegpt,mlp,13
calibration,0.5,canonicalized,0.902434,0.825397,0.05477,276,0.864652,0.936402,eegpt,mlp,13
calibration,0.5,naive,0.80254,0.64746,0.330349,276,0.74984,0.851069,eegpt,mlp,13
calibration,0.75,canonicalized,0.902434,0.825397,0.05477,276,0.864652,0.936402,eegpt,mlp,13
calibration,0.75,naive,0.843651,0.733175,0.166232,276,0.797384,0.886245,eegpt,mlp,13
calibration,1,canonicalized,0.902434,0.825397,0.05477,276,0.864652,0.936402,eegpt,mlp,13
calibration,1,naive,0.873757,0.786032,0.107271,276,0.829718,0.912065,eegpt,mlp,13
calibration,1.5,canonicalized,0.902434,0.825397,0.05477,276,0.864652,0.936402,eegpt,mlp,13
calibration,1.5,naive,0.883439,0.76746,0.108832,276,0.843858,0.921112,eegpt,mlp,13
calibration,2,canonicalized,0.902434,0.825397,0.05477,276,0.864652,0.936402,eegpt,mlp,13
calibration,2,naive,0.873757,0.730317,0.205761,276,0.833007,0.914185,eegpt,mlp,13
montage,bipolar18,canonicalized,0.881746,0.704286,0.234434,276,0.83984,0.920317,eegpt,mlp,13
montage,bipolar18,naive,0.878836,0.693651,0.240165,276,0.836188,0.918206,eegpt,mlp,13
montage,full19,canonicalized,0.902434,0.825397,0.05477,276,0.864652,0.936402,eegpt,mlp,13
montage,full19,naive,0.902434,0.825397,0.05477,276,0.864652,0.936402,eegpt,mlp,13
montage,legacy16,canonicalized,0.883968,0.759841,0.154564,276,0.841792,0.923017,eegpt,mlp,13
montage,legacy16,naive,0.888466,0.751746,0.188423,276,0.849245,0.925931,eegpt,mlp,13
power_line,0,canonicalized,0.902434,0.825397,0.05477,276,0.864652,0.936402,eegpt,mlp,13
power_line,0,naive,0.894762,0.813968,0.083094,276,0.854485,0.929583,eegpt,mlp,13
power_line,15,canonicalized,0.902593,0.825397,0.054787,276,0.864706,0.936517,eegpt,mlp,13
power_line,15,naive,0.750899,0.5,0.52657,276,0.694019,0.807413,eegpt,mlp,13
power_line,30,canonicalized,0.902275,0.825397,0.054623,276,0.864548,0.936144,eegpt,mlp,13
power_line,30,naive,0.633228,0.5,0.541847,276,0.559972,0.695458,eegpt,mlp,13
power_line,5,canonicalized,0.902593,0.825397,0.054865,276,0.86497,0.936517,eegpt,mlp,13
power_line,5,naive,0.865873,0.638095,0.329402,276,0.820774,0.906402,eegpt,mlp,13
power_line,60,canonicalized,0.902275,0.825397,0.053859,276,0.864485,0.936204,eegpt,mlp,13
power_line,60,naive,0.534392,0.5,0.543195,276,0.464418,0.604671,eegpt,mlp,13
sampling_rate,128,canonicalized,0.902487,0.832063,0.068935,276,0.864065,0.935716,eegpt,mlp,13
sampling_rate,128,naive,0.729524,0.66254,0.184853,276,0.657618,0.789959,eegpt,mlp,13
sampling_rate,200,canonicalized,0.903016,0.836032,0.068065,276,0.864915,0.937196,eegpt,mlp,13
sampling_rate,200,naive,0.886508,0.786667,0.104678,276,0.845131,0.923075,eegpt,mlp,13
sampling_rate,250,canonicalized,0.902434,0.825397,0.05477,276,0.864652,0.936402,eegpt,mlp,13
sampling_rate,250,naive,0.902434,0.825397,0.05477,276,0.864652,0.936402,eegpt,mlp,13
sampling_rate,256,canonicalized,0.902487,0.825397,0.056733,276,0.864705,0.936406,eegpt,mlp,13
sampling_rate,256,naive,0.88672,0.816032,0.081156,276,0.841952,0.924396,eegpt,mlp,13
sampling_rate,512,canonicalized,0.902275,0.82873,0.053899,276,0.8647,0.936669,eegpt,mlp,13
sampling_rate,512,naive,0.761058,0.610952,0.321292,276,0.705755,0.810959,eegpt,mlp,13
broadband,-5,canonicalized,0.748519,0.513333,0.338144,276,0.693728,0.807307,eegpt,mlp,7
broadband,-5,naive,0.748519,0.513333,0.338144,276,0.693728,0.807307,eegpt,mlp,7
broadband,0,canonicalized,0.816931,0.57,0.316864,276,0.76603,0.86413,eegpt,mlp,7
broadband,0,naive,0.816931,0.57,0.316864,276,0.76603,0.86413,eegpt,mlp,7
broadband,10,canonicalized,0.881799,0.696825,0.211156,276,0.842052,0.919794,eegpt,mlp,7
broadband,10,naive,0.881799,0.696825,0.211156,276,0.842052,0.919794,eegpt,mlp,7
broadband,20,canonicalized,0.899471,0.782381,0.132804,276,0.863013,0.931642,eegpt,mlp,7
broadband,20,naive,0.899471,0.782381,0.132804,276,0.863013,0.931642,eegpt,mlp,7
broadband,5,canonicalized,0.860688,0.635397,0.267329,276,0.817246,0.902865,eegpt,mlp,7
broadband,5,naive,0.860688,0.635397,0.267329,276,0.817246,0.902865,eegpt,mlp,7
calibration,0.5,canonicalized,0.903704,0.819048,0.121235,276,0.867612,0.935513,eegpt,mlp,7
calibration,0.5,naive,0.830529,0.653492,0.316695,276,0.783701,0.876098,eegpt,mlp,7
calibration,0.75,canonicalized,0.903704,0.819048,0.121235,276,0.867612,0.935513,eegpt,mlp,7
calibration,0.75,naive,0.862116,0.725714,0.207167,276,0.816769,0.902179,eegpt,mlp,7
calibration,1,canonicalized,0.903704,0.819048,0.121235,276,0.867612,0.935513,eegpt,mlp,7
calibration,1,naive,0.883122,0.757778,0.150443,276,0.843954,0.919635,eegpt,mlp,7
calibration,1.5,canonicalized,0.903704,0.819048,0.121235,276,0.867612,0.935513,eegpt,mlp,7
calibration,1.5,naive,0.898413,0.781746,0.153786,276,0.861745,0.932709,eegpt,mlp,7
calibration,2,canonicalized,0.903704,0.819048,0.121235,276,0.867612,0.935513,eegpt,mlp,7
calibration,2,naive,0.891746,0.745556,0.216401,276,0.852849,0.926671,eegpt,mlp,7
montage,bipolar18,canonicalized,0.88254,0.694921,0.245219,276,0.842372,0.917993,eegpt,mlp,7
montage,bipolar18,naive,0.882381,0.695556,0.248774,276,0.841417,0.917782,eegpt,mlp,7
montage,full19,canonicalized,0.903704,0.819048,0.121235,276,0.867612,0.935513,eegpt,mlp,7
montage,full19,naive,0.903704,0.819048,0.121235,276,0.867612,0.935513,eegpt,mlp,7
montage,legacy16,canonicalized,0.893968,0.757778,0.168006,276,0.854485,0.929792,eegpt,mlp,7
montage,legacy16,naive,0.898413,0.758889,0.194893,276,0.860313,0.932081,eegpt,mlp,7
power_line,0,canonicalized,0.903704,0.819048,0.121235,276,0.867612,0.935513,eegpt,mlp,7
power_line,0,naive,0.896032,0.783016,0.161941,276,0.857142,0.929951,eegpt,mlp,7
power_line,15,canonicalized,0.903704,0.819048,0.120995,276,0.867407,0.935663,eegpt,mlp,7
power_line,15,naive,0.835397,0.506667,0.517491,276,0.789696,0.878307,eegpt,mlp,7
power_line,30,canonicalized,0.903439,0.819048,0.121191,276,0.867192,0.935451,eegpt,mlp,7
power_line,30,naive,0.745873,0.5,0.540742,276,0.681106,0.798892,eegpt,mlp,7
power_line,5,canonicalized,0.903651,0.819048,0.121003,276,0.867403,0.935508,eegpt,mlp,7
power_line,5,naive,0.890529,0.619365,0.393169,276,0.853958,0.92434,eegpt,mlp,7
power_line,60,canonicalized,0.903598,0.819048,0.120943,276,0.8673,0.935562,eegpt,mlp,7
power_line,60,naive,0.676402,0.5,0.543314,276,0.612639,0.739931,eegpt,mlp,7
sampling_rate,128,canonicalized,0.90328,0.789048,0.146071,276,0.866282,0.935562,eegpt,mlp,7
sampling_rate,128,naive,0.73455,0.572857,0.247103,276,0.66514,0.796193,eegpt,mlp,7
sampling_rate,200,canonicalized,0.903757,0.808413,0.123183,276,0.867614,0.935722,eegpt,mlp,7
sampling_rate,200,naive,0.882434,0.785873,0.101961,276,0.839772,0.920481,eegpt,mlp,7
sampling_rate,250,canonicalized,0.903704,0.819048,0.121235,276,0.867612,0.935513,eegpt,mlp,7
sampling_rate,250,naive,0.903704,0.819048,0.121235,276,0.867612,0.935513,eegpt,mlp,7
sampling_rate,256,canonicalized,0.903757,0.819048,0.12097,276,0.867827,0.935616,eegpt,mlp,7
sampling_rate,256,naive,0.897937,0.779683,0.165457,276,0.86047,0.931331,eegpt,mlp,7
sampling_rate,512,canonicalized,0.903704,0.819048,0.120537,276,0.867763,0.935825,eegpt,mlp,7
sampling_rate,512,naive,0.722857,0.535556,0.392247,276,0.658599,0.781745,eegpt,mlp,7
bandwidth,100,canonicalized,0.885026,0.804603,0.101672,276,0.845964,0.922126,labram,linear,7
bandwidth,100,naive,0.885026,0.804603,0.101672,276,0.845964,0.922126,labram,linear,7
bandwidth,15,canonicalized,0.645873,0.521429,0.360462,276,0.572085,0.713784,labram,linear,7
bandwidth,15,naive,0.645873,0.521429,0.360462,276,0.572085,0.713784,labram,linear,7
bandwidth,20,canonicalized,0.642169,0.498889,0.461083,276,0.568142,0.7122,labram,linear,7
bandwidth,20,naive,0.642169,0.498889,0.461083,276,0.568142,0.7122,labram,linear,7
bandwidth,25,canonicalized,0.636349,0.505397,0.504884,276,0.562376,0.708274,labram,linear,7
bandwidth,25,naive,0.636349,0.505397,0.504884,276,0.562376,0.708274,labram,linear,7
bandwidth,30,canonicalized,0.639153,0.503333,0.519359,276,0.568864,0.708181,labram,linear,7
bandwidth,30,naive,0.639153,0.503333,0.519359,276,0.568864,0.708181,labram,linear,7
bandwidth,40,canonicalized,0.673016,0.503333,0.520773,276,0.605184,0.739208,labram,linear,7
bandwidth,40,naive,0.673016,0.503333,0.520773,276,0.605184,0.739208,labram,linear,7
bandwidth,50,canonicalized,0.677354,0.503333,0.522343,276,0.609571,0.743356,labram,linear,7
bandwidth,50,naive,0.677354,0.503333,0.522343,276,0.609571,0.743356,labram,linear,7
bandwidth,64,canonicalized,0.708413,0.503333,0.524841,276,0.645746,0.771697,labram,linear,7
bandwidth,64,naive,0.708413,0.503333,0.524841,276,0.645746,0.771697,labram,linear,7
bandwidth,80,canonicalized,0.765397,0.516032,0.453906,276,0.708143,0.821372,labram,linear,7
bandwidth,80,naive,0.765397,0.516032,0.453906,276,0.708143,0.821372,labram,linear,7
bandwidth,100,canonicalized,0.890159,0.800794,0.081366,276,0.84957,0.926034,labram,mlp,11
bandwidth,100,naive,0.890159,0.800794,0.081366,276,0.84957,0.926034,labram,mlp,11
bandwidth,15,canonicalized,0.868307,0.5,0.543153,276,0.822802,0.907944,labram,mlp,11
bandwidth,15,naive,0.868307,0.5,0.543153,276,0.822802,0.907944,labram,mlp,11
bandwidth,20,canonicalized,0.849683,0.5,0.543277,276,0.801792,0.892757,labram,mlp,11
bandwidth,20,naive,0.849683,0.5,0.543277,276,0.801792,0.892757,labram,mlp,11
bandwidth,25,canonicalized,0.845079,0.5,0.543101,276,0.797708,0.888739,labram,mlp,11
bandwidth,25,naive,0.845079,0.5,0.543101,276,0.797708,0.888739,labram,mlp,11
bandwidth,30,canonicalized,0.840159,0.5,0.541274,276,0.792738,0.886772,labram,mlp,11
bandwidth,30,naive,0.840159,0.5,0.541274,276,0.792738,0.886772,labram,mlp,11
bandwidth,40,canonicalized,0.818042,0.495397,0.526369,276,0.765978,0.868467,labram,mlp,11
bandwidth,40,naive,0.818042,0.495397,0.526369,276,0.765978,0.868467,labram,mlp,11
bandwidth,50,canonicalized,0.808836,0.494762,0.516182,276,0.755501,0.859897,labram,mlp,11
bandwidth,50,naive,0.808836,0.494762,0.516182,276,0.755501,0.859897,labram,mlp,11
bandwidth,64,canonicalized,0.797725,0.494127,0.482693,276,0.742429,0.852546,labram,mlp,11
bandwidth,64,naive,0.797725,0.494127,0.482693,276,0.742429,0.852546,labram,mlp,11
bandwidth,80,canonicalized,0.836349,0.526667,0.410966,276,0.789153,0.883921,labram,mlp,11
bandwidth,80,naive,0.836349,0.526667,0.410966,276,0.789153,0.883921,labram,mlp,11
bandwidth,100,canonicalized,0.898783,0.82127,0.087254,276,0.862796,0.93397,labram,mlp,13
bandwidth,100,naive,0.898783,0.82127,0.087254,276,0.862796,0.93397,labram,mlp,13
bandwidth,15,canonicalized,0.852169,0.5,0.541644,276,0.800837,0.898467,labram,mlp,13
bandwidth,15,naive,0.852169,0.5,0.541644,276,0.800837,0.898467,labram,mlp,13
bandwidth,20,canonicalized,0.83582,0.5,0.542658,276,0.783694,0.883922,labram,mlp,13
bandwidth,20,naive,0.83582,0.5,0.542658,276,0.783694,0.883922,labram,mlp,13
bandwidth,25,canonicalized,0.834497,0.5,0.542279,276,0.782938,0.881747,labram,mlp,13
bandwidth,25,naive,0.834497,0.5,0.542279,276,0.782938,0.881747,labram,mlp,13
bandwidth,30,canonicalized,0.840423,0.5,0.540023,276,0.793909,0.886578,labram,mlp,13
bandwidth,30,naive,0.840423,0.5,0.540023,276,0.793909,0.886578,labram,mlp,13
bandwidth,40,canonicalized,0.839259,0.5,0.530931,276,0.79062,0.886407,labram,mlp,13
bandwidth,40,naive,0.839259,0.5,0.530931,276,0.79062,0.886407,labram,mlp,13
bandwidth,50,canonicalized,0.837884,0.5,0.523619,276,0.788774,0.88556,labram,mlp,13
bandwidth,50,naive,0.837884,0.5,0.523619,276,0.788774,0.88556,labram,mlp,13
bandwidth,64,canonicalized,0.833016,0.5,0.509277,276,0.784061,0.881663,labram,mlp,13
bandwidth,64,naive,0.833016,0.5,0.509277,276,0.784061,0.881663,labram,mlp,13
bandwidth,80,canonicalized,0.859418,0.533333,0.426697,276,0.81587,0.903868,labram,mlp,13
bandwidth,80,naive,0.859418,0.533333,0.426697,276,0.81587,0.903868,labram,mlp,13
bandwidth,100,canonicalized,0.892857,0.795714,0.059617,276,0.854754,0.92921,labram,mlp,7
bandwidth,100,naive,0.892857,0.795714,0.059617,276,0.854754,0.92921,labram,mlp,7
bandwidth,15,canonicalized,0.870423,0.5,0.54156,276,0.826024,0.910616,labram,mlp,7
bandwidth,15,naive,0.870423,0.5,0.54156,276,0.826024,0.910616,labram,mlp,7
bandwidth,20,canonicalized,0.848624,0.5,0.540689,276,0.799878,0.893071,labram,mlp,7
bandwidth,20,naive,0.848624,0.5,0.540689,276,0.799878,0.893071,labram,mlp,7
bandwidth,25,canonicalized,0.84,0.5,0.534711,276,0.79153,0.887038,labram,mlp,7
bandwidth,25,naive,0.84,0.5,0.534711,276,0.79153,0.887038,labram,mlp,7
bandwidth,30,canonicalized,0.833386,0.5,0.517338,276,0.786171,0.881218,labram,mlp,7
bandwidth,30,naive,0.833386,0.5,0.517338,276,0.786171,0.881218,labram,mlp,7
bandwidth,40,canonicalized,0.823228,0.491429,0.490154,276,0.772943,0.873396,labram,mlp,7
bandwidth,40,naive,0.823228,0.491429,0.490154,276,0.772943,0.873396,labram,mlp,7
bandwidth,50,canonicalized,0.817513,0.494127,0.471242,276,0.765811,0.867888,labram,mlp,7
bandwidth,50,naive,0.817513,0.494127,0.471242,276,0.765811,0.867888,labram,mlp,7
bandwidth,64,canonicalized,0.813492,0.514127,0.41681,276,0.762638,0.864459,labram,mlp,7
bandwidth,64,naive,0.813492,0.514127,0.41681,276,0.762638,0.864459,labram,mlp,7
bandwidth,80,canonicalized,0.853757,0.604286,0.291579,276,0.810048,0.898794,labram,mlp,7
bandwidth,80,naive,0.853757,0.604286,0.291579,276,0.810048,0.898794,labram,mlp,7
broadband,-5,canonicalized,0.613651,0.5,0.521155,276,0.54871,0.677524,labram,linear,7
broadband,-5,naive,0.613651,0.5,0.521155,276,0.54871,0.677524,labram,linear,7
broadband,0,canonicalized,0.658466,0.5,0.512155,276,0.59277,0.717358,labram,linear,7
broadband,0,naive,0.658466,0.5,0.512155,276,0.59277,0.717358,labram,linear,7
broadband,10,canonicalized,0.76328,0.526032,0.42307,276,0.706242,0.815612,labram,linear,7
broadband,10,naive,0.76328,0.526032,0.42307,276,0.706242,0.815612,labram,linear,7
broadband,20,canonicalized,0.817831,0.635556,0.271199,276,0.769205,0.863868,labram,linear,7
broadband,20,naive,0.817831,0.635556,0.271199,276,0.769205,0.863868,labram,linear,7
broadband,5,canonicalized,0.699101,0.503333,0.483935,276,0.641585,0.75911,labram,linear,7
broadband,5,naive,0.699101,0.503333,0.483935,276,0.641585,0.75911,labram,linear,7
calibration,0.5,canonicalized,0.893704,0.771905,0.126483,276,0.85422,0.930425,labram,linear,7
calibration,0.5,naive,0.859577,0.78619,0.098369,276,0.816188,0.905876,labram,linear,7
calibration,0.75,canonicalized,0.893704,0.771905,0.126484,276,0.85422,0.930425,labram,linear,7
calibration,0.75,naive,0.862487,0.785397,0.11125,276,0.820368,0.907197,labram,linear,7
calibration,1,canonicalized,0.893704,0.771905,0.126483,276,0.85422,0.930425,labram,linear,7
calibration,1,naive,0.865926,0.769365,0.1184,276,0.823583,0.909739,labram,linear,7
calibration,1.5,canonicalized,0.893704,0.771905,0.126484,276,0.85422,0.930425,labram,linear,7
calibration,1.5,naive,0.872804,0.76127,0.125865,276,0.832214,0.91355,labram,linear,7
calibration,2,canonicalized,0.893704,0.771905,0.126483,276,0.85422,0.930425,labram,linear,7
calibration,2,naive,0.876825,0.755238,0.13289,276,0.837716,0.9162,labram,linear,7
montage,bipolar18,canonicalized,0.854762,0.592063,0.358231,276,0.811675,0.897885,labram,linear,7
montage,bipolar18,naive,0.851693,0.58873,0.357022,276,0.807193,0.894239,labram,linear,7
montage,full19,canonicalized,0.893704,0.771905,0.126483,276,0.85422,0.930425,labram,linear,7
montage,full19,naive,0.893704,0.771905,0.126483,276,0.85422,0.930425,labram,linear,7
montage,legacy16,canonicalized,0.788836,0.5,0.524576,276,0.731269,0.844303,labram,linear,7
montage,legacy16,naive,0.776032,0.5,0.524184,276,0.719735,0.829526,labram,linear,7
power_line,0,canonicalized,0.893704,0.771905,0.126483,276,0.85422,0.930425,labram,linear,7
power_line,0,naive,0.873757,0.77,0.107081,276,0.83063,0.915344,labram,linear,7
power_line,15,canonicalized,0.893598,0.775238,0.122554,276,0.853747,0.929806,labram,linear,7
power_line,15,naive,0.787143,0.698889,0.151849,276,0.726746,0.841135,labram,linear,7
power_line,30,canonicalized,0.893175,0.775238,0.12268,276,0.853118,0.929528,labram,linear,7
power_line,30,naive,0.740688,0.59254,0.31604,276,0.680153,0.795627,labram,linear,7
power_line,5,canonicalized,0.893968,0.771905,0.126419,276,0.854229,0.93048,labram,linear,7
power_line,5,naive,0.836667,0.785714,0.077025,276,0.788194,0.886142,labram,linear,7
power_line,60,canonicalized,0.893862,0.775873,0.124396,276,0.855007,0.930327,labram,linear,7
power_line,60,naive,0.667143,0.539683,0.395327,276,0.594915,0.727098,labram,linear,7
sampling_rate,128,canonicalized,0.706402,0.503333,0.525475,276,0.642956,0.769418,labram,linear,7
sampling_rate,128,naive,0.852593,0.685714,0.202993,276,0.803433,0.896726,labram,linear,7
sampling_rate,200,canonicalized,0.888201,0.796667,0.118748,276,0.848138,0.924819,labram,linear,7
sampling_rate,200,naive,0.838042,0.768095,0.12555,276,0.786538,0.887302,labram,linear,7
sampling_rate,250,canonicalized,0.893704,0.771905,0.126483,276,0.85422,0.930425,labram,linear,7
sampling_rate,250,naive,0.893704,0.771905,0.126483,276,0.85422,0.930425,labram,linear,7
sampling_rate,256,canonicalized,0.89381,0.77127,0.125355,276,0.85407,0.930108,labram,linear,7
sampling_rate,256,naive,0.886032,0.805873,0.124959,276,0.843968,0.924294,labram,linear,7
sampling_rate,512,canonicalized,0.893492,0.778571,0.123569,276,0.853902,0.93011,labram,linear,7
sampling_rate,512,naive,0.622487,0.490159,0.538424,276,0.56005,0.686306,labram,linear,7
broadband,-5,canonicalized,0.696561,0.5,0.490997,276,0.636349,0.753975,labram,mlp,11
broadband,-5,naive,0.696561,0.5,0.490997,276,0.636349,0.753975,labram,mlp,11
broadband,0,canonicalized,0.756772,0.5,0.483036,276,0.703862,0.810696,labram,mlp,11
broadband,0,naive,0.756772,0.5,0.483036,276,0.703862,0.810696,labram,mlp,11
broadband,10,canonicalized,0.813915,0.533333,0.412038,276,0.764283,0.863283,labram,mlp,11
broadband,10,naive,0.813915,0.533333,0.412038,276,0.764283,0.863283,labram,mlp,11
broadband,20,canonicalized,0.841111,0.66746,0.278002,276,0.794593,0.883069,labram,mlp,11
broadband,20,naive,0.841111,0.66746,0.278002,276,0.794593,0.883069,labram,mlp,11
broadband,5,canonicalized,0.785291,0.5,0.46025,276,0.733907,0.837155,labram,mlp,11
broadband,5,naive,0.785291,0.5,0.46025,276,0.733907,0.837155,labram,mlp,11
calibration,0.5,canonicalized,0.890159,0.776667,0.121908,276,0.847086,0.925726,labram,mlp,11
calibration,0.5,naive,0.86455,0.782222,0.089817,276,0.818411,0.908056,labram,mlp,11
calibration,0.75,canonicalized,0.890159,0.776667,0.121908,276,0.847086,0.925726,labram,mlp,11
calibration,0.75,naive,0.868519,0.780159,0.096573,276,0.823209,0.910643,labram,mlp,11
calibration,1,canonicalized,0.890159,0.776667,0.121908,276,0.847086,0.925726,labram,mlp,11
calibration,1,naive,0.872751,0.782063,0.099571,276,0.829091,0.912611,labram,mlp,11
calibration,1.5,canonicalized,0.890159,0.776667,0.121908,276,0.847086,0.925726,labram,mlp,11
calibration,1.5,naive,0.876931,0.782698,0.106634,276,0.834651,0.91487,labram,mlp,11
calibration,2,canonicalized,0.890159,0.776667,0.121908,276,0.847086,0.925726,labram,mlp,11
calibration,2,naive,0.877937,0.779365,0.109802,276,0.835763,0.915557,labram,mlp,11
montage,bipolar18,canonicalized,0.882169,0.714921,0.214122,276,0.838542,0.921959,labram,mlp,11
montage,bipolar18,naive,0.880741,0.725556,0.210676,276,0.835378,0.92054,labram,mlp,11
montage,full19,canonicalized,0.890159,0.776667,0.121908,276,0.847086,0.925726,labram,mlp,11
montage,full19,naive,0.890159,0.776667,0.121908,276,0.847086,0.925726,labram,mlp,11
montage,legacy16,canonicalized,0.856878,0.54873,0.368582,276,0.810136,0.900541,labram,mlp,11
montage,legacy16,naive,0.860053,0.546032,0.376253,276,0.815767,0.899807,labram,mlp,11
power_line,0,canonicalized,0.890159,0.776667,0.121908,276,0.847086,0.925726,labram,mlp,11
power_line,0,naive,0.878889,0.773333,0.123966,276,0.837168,0.918943,labram,mlp,11
power_line,15,canonicalized,0.89037,0.776667,0.122092,276,0.84766,0.925673,labram,mlp,11
power_line,15,naive,0.834709,0.715556,0.170571,276,0.78194,0.881172,labram,mlp,11
power_line,30,canonicalized,0.88963,0.780635,0.122011,276,0.846716,0.925139,labram,mlp,11
power_line,30,naive,0.816508,0.642857,0.276311,276,0.762632,0.86418,labram,mlp,11
power_line,5,canonicalized,0.890265,0.776667,0.122003,276,0.847501,0.925672,labram,mlp,11
power_line,5,naive,0.864868,0.776984,0.089044,276,0.820668,0.910479,labram,mlp,11
power_line,60,canonicalized,0.888942,0.776667,0.121489,276,0.845765,0.92471,labram,mlp,11
power_line,60,naive,0.711693,0.563492,0.339611,276,0.648299,0.769491,labram,mlp,11
sampling_rate,128,canonicalized,0.797831,0.494127,0.484222,276,0.742737,0.852751,labram,mlp,11
sampling_rate,128,naive,0.790794,0.654762,0.155332,276,0.733751,0.843446,labram,mlp,11
sampling_rate,200,canonicalized,0.893545,0.802222,0.071166,276,0.853643,0.929955,labram,mlp,11
sampling_rate,200,naive,0.849206,0.773175,0.061068,276,0.800361,0.894312,labram,mlp,11
sampling_rate,250,canonicalized,0.890159,0.776667,0.121908,276,0.847086,0.925726,labram,mlp,11
sampling_rate,250,naive,0.890159,0.776667,0.121908,276,0.847086,0.925726,labram,mlp,11
sampling_rate,256,canonicalized,0.89037,0.78,0.12137,276,0.847352,0.926095,labram,mlp,11
sampling_rate,256,naive,0.88582,0.777778,0.152906,276,0.843594,0.923971,labram,mlp,11
sampling_rate,512,canonicalized,0.89,0.78,0.121612,276,0.846877,0.925731,labram,mlp,11
sampling_rate,512,naive,0.583175,0.487619,0.477809,276,0.521398,0.651495,labram,mlp,11
broadband,-5,canonicalized,0.685185,0.5,0.434589,276,0.621954,0.744684,labram,mlp,13
broadband,-5,naive,0.685185,0.5,0.434589,276,0.621954,0.744684,labram,mlp,13
broadband,0,canonicalized,0.739259,0.5,0.413366,276,0.684966,0.79593,labram,mlp,13
broadband,0,naive,0.739259,0.5,0.413366,276,0.684966,0.79593,labram,mlp,13
broadband,10,canonicalized,0.809365,0.628095,0.286216,276,0.758536,0.858944,labram,mlp,13
broadband,10,naive,0.809365,0.628095,0.286216,276,0.758536,0.858944,labram,mlp,13
broadband,20,canonicalized,0.869841,0.739683,0.17875,276,0.829045,0.907684,labram,mlp,13
broadband,20,naive,0.869841,0.739683,0.17875,276,0.829045,0.907684,labram,mlp,13
broadband,5,canonicalized,0.774974,0.533333,0.361183,276,0.722057,0.829127,labram,mlp,13
broadband,5,naive,0.774974,0.533333,0.361183,276,0.722057,0.829127,labram,mlp,13
calibration,0.5,canonicalized,0.903492,0.806508,0.122812,276,0.866959,0.93831,labram,mlp,13
calibration,0.5,naive,0.884021,0.792063,0.104315,276,0.845128,0.924286,labram,mlp,13
calibration,0.75,canonicalized,0.903492,0.806508,0.122812,276,0.866959,0.93831,labram,mlp,13
calibration,0.75,naive,0.886614,0.792698,0.114216,276,0.848198,0.925472,labram,mlp,13
calibration,1,canonicalized,0.903492,0.806508,0.122812,276,0.866959,0.93831,labram,mlp,13
calibration,1,naive,0.889312,0.793333,0.119123,276,0.851315,0.927587,labram,mlp,13
calibration,1.5,canonicalized,0.903492,0.806508,0.122812,276,0.866959,0.93831,labram,mlp,13
calibration,1.5,naive,0.89127,0.797937,0.124373,276,0.852837,0.929907,labram,mlp,13
calibration,2,canonicalized,0.903492,0.806508,0.122812,276,0.866959,0.93831,labram,mlp,13
calibration,2,naive,0.891323,0.797937,0.126737,276,0.853315,0.930001,labram,mlp,13
montage,bipolar18,canonicalized,0.856349,0.558095,0.33413,276,0.809828,0.902224,labram,mlp,13
montage,bipolar18,naive,0.854603,0.551429,0.333352,276,0.807194,0.89932,labram,mlp,13
montage,full19,canonicalized,0.903492,0.806508,0.122812,276,0.866959,0.93831,labram,mlp,13
montage,full19,naive,0.903492,0.806508,0.122812,276,0.866959,0.93831,labram,mlp,13
montage,legacy16,canonicalized,0.856561,0.506032,0.445216,276,0.807164,0.896673,labram,mlp,13
montage,legacy16,naive,0.855132,0.506667,0.452444,276,0.809087,0.896101,labram,mlp,13
power_line,0,canonicalized,0.903492,0.806508,0.122812,276,0.866959,0.93831,labram,mlp,13
power_line,0,naive,0.895132,0.799206,0.124061,276,0.859311,0.932545,labram,mlp,13
power_line,15,canonicalized,0.903651,0.806508,0.123662,276,0.867373,0.938472,labram,mlp,13
power_line,15,naive,0.761693,0.675873,0.223659,276,0.697284,0.818415,labram,mlp,13
power_line,30,canonicalized,0.903439,0.806508,0.123717,276,0.867,0.938418,labram,mlp,13
power_line,30,naive,0.742381,0.55619,0.365569,276,0.681942,0.798783,labram,mlp,13
power_line,5,canonicalized,0.903545,0.806508,0.122837,276,0.867012,0.938361,labram,mlp,13
power_line,5,naive,0.863915,0.788254,0.090711,276,0.819462,0.9098,labram,mlp,13
power_line,60,canonicalized,0.903069,0.809841,0.123481,276,0.866327,0.937996,labram,mlp,13
power_line,60,naive,0.648783,0.515873,0.425213,276,0.579201,0.708893,labram,mlp,13
sampling_rate,128,canonicalized,0.833122,0.5,0.514616,276,0.784265,0.882138,labram,mlp,13
sampling_rate,128,naive,0.848783,0.634921,0.252887,276,0.798922,0.895161,labram,mlp,13
sampling_rate,200,canonicalized,0.898307,0.816667,0.086399,276,0.863119,0.935769,labram,mlp,13
sampling_rate,200,naive,0.842063,0.749683,0.086702,276,0.794335,0.889791,labram,mlp,13
sampling_rate,250,canonicalized,0.903492,0.806508,0.122812,276,0.866959,0.93831,labram,mlp,13
sampling_rate,250,naive,0.903492,0.806508,0.122812,276,0.866959,0.93831,labram,mlp,13
sampling_rate,256,canonicalized,0.903598,0.809841,0.122315,276,0.866864,0.938467,labram,mlp,13
sampling_rate,256,naive,0.89672,0.801111,0.15076,276,0.859181,0.934978,labram,mlp,13
sampling_rate,512,canonicalized,0.903545,0.80254,0.122602,276,0.866898,0.93847,labram,mlp,13
sampling_rate,512,naive,0.613968,0.491429,0.515875,276,0.549536,0.680056,labram,mlp,13
broadband,-5,canonicalized,0.690688,0.5,0.505833,276,0.630775,0.748635,labram,mlp,7
broadband,-5,naive,0.690688,0.5,0.505833,276,0.630775,0.748635,labram,mlp,7
broadband,0,canonicalized,0.734603,0.5,0.497925,276,0.67862,0.791968,labram,mlp,7
broadband,0,naive,0.734603,0.5,0.497925,276,0.67862,0.791968,labram,mlp,7
broadband,10,canonicalized,0.802698,0.536667,0.421177,276,0.747882,0.854234,labram,mlp,7
broadband,10,naive,0.802698,0.536667,0.421177,276,0.747882,0.854234,labram,mlp,7
broadband,20,canonicalized,0.829101,0.649524,0.280755,276,0.779733,0.873388,labram,mlp,7
broadband,20,naive,0.829101,0.649524,0.280755,276,0.779733,0.873388,labram,mlp,7
broadband,5,canonicalized,0.769841,0.5,0.473119,276,0.714755,0.827749,labram,mlp,7
broadband,5,naive,0.769841,0.5,0.473119,276,0.714755,0.827749,labram,mlp,7
calibration,0.5,canonicalized,0.88963,0.805397,0.086971,276,0.849515,0.925399,labram,mlp,7
calibration,0.5,naive,0.87672,0.78381,0.05694,276,0.832114,0.916149,labram,mlp,7
calibration,0.75,canonicalized,0.88963,0.805397,0.086971,276,0.849515,0.925399,labram,mlp,7
calibration,0.75,naive,0.879206,0.789048,0.068194,276,0.836401,0.918417,labram,mlp,7
calibration,1,canonicalized,0.88963,0.805397,0.086971,276,0.849515,0.925399,labram,mlp,7
calibration,1,naive,0.881799,0.800952,0.060213,276,0.838991,0.919644,labram,mlp,7
calibration,1.5,canonicalized,0.88963,0.805397,0.086971,276,0.849515,0.925399,labram,mlp,7
calibration,1.5,naive,0.882804,0.805556,0.060501,276,0.840713,0.920541,labram,mlp,7
calibration,2,canonicalized,0.88963,0.805397,0.086971,276,0.849515,0.925399,labram,mlp,7
calibration,2,naive,0.883016,0.802222,0.062558,276,0.840525,0.921008,labram,mlp,7
montage,bipolar18,canonicalized,0.885979,0.65746,0.273707,276,0.844279,0.925608,labram,mlp,7
montage,bipolar18,naive,0.885291,0.650794,0.270449,276,0.84353,0.924606,labram,mlp,7
montage,full19,canonicalized,0.88963,0.805397,0.086971,276,0.849515,0.925399,labram,mlp,7
montage,full19,naive,0.88963,0.805397,0.086971,276,0.849515,0.925399,labram,mlp,7
montage,legacy16,canonicalized,0.837302,0.546667,0.394535,276,0.787669,0.88172,labram,mlp,7
montage,legacy16,naive,0.837619,0.536667,0.407447,276,0.788353,0.879323,labram,mlp,7
power_line,0,canonicalized,0.88963,0.805397,0.086971,276,0.849515,0.925399,labram,mlp,7
power_line,0,naive,0.879735,0.794762,0.090036,276,0.837235,0.919259,labram,mlp,7
power_line,15,canonicalized,0.89,0.805397,0.08698,276,0.850403,0.925821,labram,mlp,7
power_line,15,naive,0.806931,0.67127,0.238222,276,0.747353,0.857159,labram,mlp,7
power_line,30,canonicalized,0.889577,0.805397,0.08699,276,0.849679,0.925663,labram,mlp,7
power_line,30,naive,0.79836,0.55619,0.351074,276,0.74169,0.848419,labram,mlp,7
power_line,5,canonicalized,0.889735,0.805397,0.086931,276,0.849679,0.925456,labram,mlp,7
power_line,5,naive,0.86,0.781905,0.046563,276,0.81407,0.904507,labram,mlp,7
power_line,60,canonicalized,0.889259,0.805397,0.085947,276,0.849455,0.925398,labram,mlp,7
power_line,60,naive,0.682963,0.515873,0.401471,276,0.617385,0.744509,labram,mlp,7
sampling_rate,128,canonicalized,0.813968,0.514127,0.418979,276,0.763122,0.864508,labram,mlp,7
sampling_rate,128,naive,0.800053,0.728889,0.112459,276,0.744548,0.852079,labram,mlp,7
sampling_rate,200,canonicalized,0.901376,0.816349,0.054192,276,0.866078,0.93588,labram,mlp,7
sampling_rate,200,naive,0.845026,0.78127,0.041231,276,0.792796,0.888575,labram,mlp,7
sampling_rate,250,canonicalized,0.88963,0.805397,0.086971,276,0.849515,0.925399,labram,mlp,7
sampling_rate,250,naive,0.88963,0.805397,0.086971,276,0.849515,0.925399,labram,mlp,7
sampling_rate,256,canonicalized,0.890159,0.80873,0.090349,276,0.849889,0.925931,labram,mlp,7
sampling_rate,256,naive,0.885344,0.796667,0.106323,276,0.844933,0.922975,labram,mlp,7
sampling_rate,512,canonicalized,0.89,0.802063,0.085426,276,0.849939,0.925926,labram,mlp,7
sampling_rate,512,naive,0.625608,0.496825,0.456481,276,0.563097,0.69064,labram,mlp,7
